feature,vif
recency,5.732230992477817
frequency,6.357555958417076
monetary,178.51929420820176
average_spend,2.7565030447888104
historical_clv,188.83261341192446
basket_size,1.5181048960224302
frequency_trend,1.4709569252305499
gap_variance,1.253472991363202
seasonal_concentration,3.1689445582117517
return_rate,1.5919481859004954
discount_proxy,1.2131366390859333
engagement,7.093358013813232
tenure,3.6522502138462833
orders_90d,5.717008436877716
spend_90d,5.38258872751971
unique_products,2.510931471126865
sku_popularity,1.2918173048366979
affinity_home,8.366080062582228
affinity_kitchen,7.158055226144519
affinity_seasonal,2.5436417603173966
affinity_accessories,7.378618925985394
affinity_other,12.010894236944802
